date,close
2018-06-11,-2.09
2018-06-12,-0.08
2018-06-13,2.14
2018-06-14,4.57
2018-06-15,7.25
2018-06-19,10.19
2018-06-20,13.43
2018-06-21,16.99
2018-06-22,14.77
2018-06-25,16.24
2018-06-26,19.01
2018-06-27,18.96
2018-06-28,15.7
2018-06-29,17.78
2018-07-02,16.69
2018-07-03,16.3
2018-07-04,14.42
2018-07-05,16.03
2018-07-06,17.18
2018-07-09,17.55
2018-07-10,18.02
2018-07-11,20.61
2018-07-12,24.9
2018-07-13,23.75
2018-07-16,24.41
2018-07-17,23.51
2018-07-18,23.51
2018-07-19,23.85
2018-07-20,28.32
2018-07-23,27.04
2018-07-24,28.79
2018-07-25,23.69
2018-07-26,21.25
2018-07-27,20.05
2018-07-30,20.5
2018-07-31,17.92
2018-08-01,17.48
2018-08-02,18.11
2018-08-03,16.47
2018-08-06,16.5
2018-08-07,18.8
2018-08-08,17.54
2018-08-09,18.95
2018-08-10,19.16
2018-08-13,18.92
2018-08-14,17.56
2018-08-15,16.2
2018-08-16,16.13
2018-08-17,15.67
2018-08-20,16.11
2018-08-21,16.45
2018-08-22,15.29
2018-08-23,16.19
2018-08-24,16.02
2018-08-27,16.95
2018-08-28,18.36
2018-08-29,18.37
2018-08-30,16.69
2018-08-31,14.19
2018-09-03,12.95
2018-09-04,13.27
2018-09-05,11.91
2018-09-06,12.16
2018-09-07,12.98
2018-09-10,11.89
2018-09-11,12.56
2018-09-12,13.64
2018-09-13,13.8
2018-09-14,14.41
2018-09-17,13.2
2018-09-18,14.67
2018-09-19,15.21
2018-09-20,15.57
2018-09-21,16.24
2018-09-25,15.76
2018-09-26,18.3
2018-09-27,18.11
2018-09-28,18.36
2018-10-08,15.83
2018-10-09,13.86
2018-10-10,13.86
2018-10-11,11.39
2018-10-12,12.72
2018-10-15,16.22
2018-10-16,16.05
2018-10-17,16.69
2018-10-18,15.6
2018-10-19,18.79
2018-10-22,21.75
2018-10-23,21.14
2018-10-24,20.58
2018-10-25,22.75
2018-10-26,19.25
2018-10-29,17.11
2018-10-30,19.47
2018-10-31,19.19
2018-11-01,18.7
2018-11-02,21.4
2018-11-05,21.91
2018-11-06,23.12
2018-11-07,21.71
2018-11-08,20.75
2018-11-09,21.0
2018-11-12,24.05
2018-11-13,23.15
2018-11-14,22.8
2018-11-15,23.0
2018-11-16,22.31
2018-11-19,21.89
2018-11-20,21.01
2018-11-21,21.5
2018-11-22,21.09
2018-11-23,18.9
2018-11-26,19.26
2018-11-27,19.8
2018-11-28,21.51
2018-11-29,21.15
2018-11-30,22.26
2018-12-03,22.72
2018-12-04,23.52
2018-12-05,23.01
2018-12-06,21.7
2018-12-07,22.08
2018-12-10,21.3
2018-12-11,21.45
2018-12-12,23.08
2018-12-13,23.42
2018-12-14,21.88
2018-12-17,22.34
2018-12-18,22.0
2018-12-19,21.97
2018-12-20,20.77
2018-12-21,21.41
2018-12-24,21.15
2018-12-25,20.69
2018-12-26,19.97
2018-12-27,19.9
2018-12-28,18.8
2019-01-02,18.72
2019-01-03,18.82
2019-01-04,20.56
2019-01-07,20.81
2019-01-08,21.87
2019-01-09,21.12
2019-01-10,20.18
2019-01-11,19.63
2019-01-14,20.07
2019-01-15,20.79
2019-01-16,20.4
2019-01-17,20.39
2019-01-18,19.69
2019-01-21,19.6
2019-01-22,19.06
2019-01-23,19.71
2019-01-24,19.56
2019-01-25,20.82
2019-01-28,20.06
2019-01-29,20.4
2019-01-30,20.14
2019-01-31,20.09
2019-02-01,21.36
2019-02-11,22.8
2019-02-12,22.8
2019-02-13,23.19
2019-02-14,24.87
2019-02-15,23.59
2019-02-18,24.72
2019-02-19,23.52
2019-02-20,24.01
2019-02-21,24.1
2019-02-22,24.67
2019-02-25,28.54
2019-02-26,26.97
2019-02-27,25.61
2019-02-28,26.52
2019-03-01,27.82
2019-03-04,29.13
2019-03-05,29.25
2019-03-06,28.47
2019-03-07,26.63
2019-03-08,25.01
2019-03-11,26.65
2019-03-12,28.4
2019-03-13,26.74
2019-03-14,27.22
2019-03-15,27.71
2019-03-18,27.4
2019-03-19,27.02
2019-03-20,26.23
2019-03-21,26.2
2019-03-22,25.9
2019-03-25,27.25
2019-03-26,25.19
2019-03-27,24.14
2019-03-28,24.02
2019-03-29,25.02
2019-04-01,25.77
2019-04-02,25.01
2019-04-03,24.74
2019-04-04,24.56
2019-04-08,23.52
2019-04-09,24.42
2019-04-10,23.49
2019-04-11,22.65
2019-04-12,23.35
2019-04-15,22.79
2019-04-16,23.51
2019-04-17,25.64
2019-04-18,24.83
2019-04-19,24.02
2019-04-22,22.93
2019-04-23,21.23
2019-04-24,22.12
2019-04-25,21.75
2019-04-26,21.89
2019-04-29,22.12
2019-04-30,22.11
2019-05-06,19.86
2019-05-07,19.94
2019-05-08,19.25
2019-05-09,18.19
2019-05-10,18.97
2019-05-13,17.57
2019-05-14,17.89
2019-05-15,19.46
2019-05-16,19.1
2019-05-17,17.94
2019-05-20,16.52
2019-05-21,16.77
2019-05-22,16.34
2019-05-23,15.29
2019-05-24,15.5
2019-05-27,16.25
2019-05-28,17.74
2019-05-29,17.01
2019-05-30,16.59
2019-05-31,16.38
2019-06-03,15.67
2019-06-04,14.95
2019-06-05,16.17
2019-06-06,14.99
2019-06-10,15.36
2019-06-11,15.69
2019-06-12,15.94
2019-06-13,17.25
2019-06-14,17.9
2019-06-17,17.78
2019-06-18,17.27
2019-06-19,16.51
2019-06-20,16.17
2019-06-21,16.19
2019-06-24,16.06
2019-06-25,16.04
2019-06-26,16.68
2019-06-27,16.65
2019-06-28,16.07
2019-07-01,16.87
2019-07-02,17.27
2019-07-03,17.69
2019-07-04,17.27
2019-07-05,17.29
2019-07-08,16.06
2019-07-09,17.17
2019-07-10,17.94
2019-07-11,18.04
2019-07-12,18.85
2019-07-15,18.72
2019-07-16,18.26
2019-07-17,18.35
2019-07-18,17.52
2019-07-19,18.08
2019-07-22,18.48
2019-07-23,20.03
2019-07-24,19.93
2019-07-25,20.0
2019-07-26,20.47
2019-07-29,20.48
2019-07-30,21.08
2019-07-31,20.1
2019-08-01,19.99
2019-08-02,19.7
2019-08-05,18.44
2019-08-06,17.96
2019-08-07,18.62
2019-08-08,18.48
2019-08-09,17.84
2019-08-12,18.64
2019-08-13,18.7
2019-08-14,18.71
2019-08-15,19.09
2019-08-16,18.56
2019-08-19,20.21
2019-08-20,19.79
2019-08-21,19.99
2019-08-22,19.88
2019-08-23,18.94
2019-08-26,18.31
2019-08-27,18.6
2019-08-28,18.17
2019-08-29,17.37
2019-08-30,18.03
2019-09-02,18.41
2019-09-03,17.44
2019-09-04,17.43
2019-09-05,17.49
2019-09-06,17.8
2019-09-09,20.66
2019-09-10,20.78
2019-09-11,21.09
2019-09-12,21.21
2019-09-16,20.49
2019-09-17,19.28
2019-09-18,19.32
2019-09-19,19.76
2019-09-20,19.47
2019-09-23,18.43
2019-09-24,18.29
2019-09-25,18.41
2019-09-26,17.58
2019-09-27,17.58
2019-09-30,17.6
2019-10-08,16.91
2019-10-09,16.27
2019-10-10,17.27
2019-10-11,17.58
2019-10-14,17.24
2019-10-15,17.31
2019-10-16,16.6
2019-10-17,16.38
2019-10-18,16.82
2019-10-21,16.57
2019-10-22,17.17
2019-10-23,17.19
2019-10-24,17.68
2019-10-25,17.34
2019-10-28,17.22
2019-10-29,16.37
2019-10-30,16.5
2019-10-31,16.05
2019-11-01,16.4
2019-11-04,16.73
2019-11-05,18.7
2019-11-06,20.05
2019-11-07,19.71
2019-11-08,19.89
2019-11-11,18.83
2019-11-12,19.24
2019-11-13,18.96
2019-11-14,19.05
2019-11-15,18.21
2019-11-18,18.36
2019-11-19,20.63
2019-11-20,20.27
2019-11-21,20.74
2019-11-22,22.6
2019-11-25,24.31
2019-11-26,26.77
2019-11-27,26.35
2019-11-28,26.44
2019-11-29,26.44
2019-12-02,26.27
2019-12-03,25.88
2019-12-04,26.05
2019-12-05,28.99
2019-12-06,29.55
2019-12-09,29.49
2019-12-10,29.74
2019-12-11,28.71
2019-12-12,27.71
2019-12-13,29.55
2019-12-16,29.16
2019-12-17,30.88
2019-12-18,29.65
2019-12-19,29.69
2019-12-20,29.43
2019-12-23,29.49
2019-12-24,33.16
2019-12-25,36.38
2019-12-26,36.28
2019-12-27,35.77
2019-12-30,38.99
2019-12-31,36.99
2020-01-02,37.61
2020-01-03,38.74
2020-01-06,38.49
2020-01-07,38.16
2020-01-08,38.77
2020-01-09,41.77
2020-01-10,40.83
2020-01-13,42.83
2020-01-14,42.16
2020-01-15,41.94
2020-01-16,42.55
2020-01-17,41.81
2020-01-20,46.33
2020-01-21,45.46
2020-01-22,52.23
2020-01-23,50.42
2020-02-03,53.08
2020-02-04,60.6
2020-02-05,68.88
2020-02-06,72.26
2020-02-07,66.88
2020-02-10,69.69
2020-02-11,65.88
2020-02-12,66.58
2020-02-13,64.74
2020-02-14,61.16
2020-02-17,63.49
2020-02-18,64.89
2020-02-19,62.99
2020-02-20,66.77
2020-02-21,66.71
2020-02-24,63.66
2020-02-25,67.8
2020-02-26,62.8
2020-02-27,60.93
2020-02-28,53.25
2020-03-02,55.65
2020-03-03,58.87
2020-03-04,57.71
2020-03-05,58.56
2020-03-06,57.61
2020-03-09,52.02
2020-03-10,55.95
2020-03-11,56.09
2020-03-12,52.44
2020-03-13,51.27
2020-03-16,44.03
2020-03-17,43.41
2020-03-18,43.08
2020-03-19,41.79
2020-03-20,42.25
2020-03-23,37.59
2020-03-24,39.86
2020-03-25,45.1
2020-03-26,44.34
2020-03-27,43.83
2020-03-30,44.16
2020-03-31,44.76
2020-04-01,44.77
2020-04-02,46.55
2020-04-03,45.1
2020-04-07,47.16
2020-04-08,46.21
2020-04-09,44.66
2020-04-10,43.69
2020-04-13,41.6
2020-04-14,47.97
2020-04-15,48.99
2020-04-16,51.74
2020-04-17,53.96
2020-04-20,52.61
2020-04-21,50.39
2020-04-22,50.58
2020-04-23,50.05
2020-04-24,51.04
2020-04-27,52.28
2020-04-28,54.71
2020-04-29,54.95
2020-04-30,58.09
2020-05-06,58.88
2020-05-07,57.44
2020-05-08,57.93
2020-05-11,54.34
2020-05-12,55.1
2020-05-13,54.69
2020-05-14,53.21
2020-05-15,58.7
2020-05-18,56.66
2020-05-19,57.47
2020-05-20,60.83
2020-05-21,59.8
2020-05-22,57.22
2020-05-25,58.05
2020-05-26,61.23
2020-05-27,62.05
2020-05-28,60.01
2020-05-29,58.73
2020-06-01,61.74
2020-06-02,60.91
2020-06-03,60.38
2020-06-04,61.34
2020-06-05,62.0
2020-06-08,62.11
2020-06-09,63.54
2020-06-10,65.05
2020-06-11,69.1
2020-06-12,66.5
2020-06-15,65.61
2020-06-16,66.89
2020-06-17,65.67
2020-06-18,66.31
2020-06-19,70.17
2020-06-22,69.67
2020-06-23,71.83
2020-06-24,73.28
2020-06-29,73.03
2020-06-30,74.87
2020-07-01,72.11
2020-07-02,70.89
2020-07-03,71.11
2020-07-06,76.78
2020-07-07,86.66
2020-07-08,87.76
2020-07-09,91.9
2020-07-10,91.28
2020-07-13,102.51
2020-07-14,97.98
2020-07-15,93.02
2020-07-16,87.32
2020-07-17,86.73
2020-07-20,92.06
2020-07-21,93.0
2020-07-22,93.5
2020-07-23,96.61
2020-07-24,88.38
2020-07-27,84.28
2020-07-28,87.74
2020-07-29,91.44
2020-07-30,92.09
2020-07-31,95.88
2020-08-03,97.78
2020-08-04,95.05
2020-08-05,94.86
2020-08-06,95.5
2020-08-07,91.5
2020-08-10,89.49
2020-08-11,88.24
2020-08-12,86.74
2020-08-13,86.89
2020-08-14,89.32
2020-08-17,87.24
2020-08-18,88.71
2020-08-19,83.66
2020-08-20,82.68
2020-08-21,84.8
2020-08-24,90.23
2020-08-25,89.07
2020-08-26,86.0
2020-08-27,91.86
2020-08-28,93.73
2020-08-31,92.64
2020-09-01,97.03
2020-09-02,95.4
2020-09-03,94.61
2020-09-04,91.48
2020-09-07,81.56
2020-09-08,81.84
2020-09-09,80.4
2020-09-10,80.76
2020-09-11,82.06
2020-09-14,85.1
2020-09-15,86.17
2020-09-16,84.81
2020-09-17,88.23
2020-09-18,88.02
2020-09-21,87.96
2020-09-22,89.39
2020-09-23,87.45
2020-09-24,84.01
2020-09-25,84.39
2020-09-28,85.18
2020-09-29,91.89
2020-09-30,94.23
2020-10-09,102.93
2020-10-12,108.44
2020-10-13,108.93
2020-10-14,109.84
2020-10-15,110.56
2020-10-16,104.73
2020-10-19,105.45
2020-10-20,112.23
2020-10-21,107.08
2020-10-22,106.83
2020-10-23,103.0
2020-10-26,107.53
2020-10-27,109.79
2020-10-28,111.48
2020-10-29,111.34
2020-10-30,115.32
2020-11-02,122.53
2020-11-03,120.24
2020-11-04,119.98
2020-11-05,127.17
2020-11-06,124.39
2020-11-09,126.02
2020-11-10,125.74
2020-11-11,117.36
2020-11-12,119.25
2020-11-13,118.68
2020-11-16,119.61
2020-11-17,117.27
2020-11-18,111.61
2020-11-19,112.5
2020-11-20,118.05
2020-11-23,118.56
2020-11-24,119.5
2020-11-25,114.79
2020-11-26,114.3
2020-11-27,112.45
2020-11-30,112.89
2020-12-01,114.76
2020-12-02,113.39
2020-12-03,114.66
2020-12-04,116.74
2020-12-07,123.26
2020-12-08,125.8
2020-12-09,125.78
2020-12-10,125.13
2020-12-11,126.09
2020-12-14,125.78
2020-12-15,132.73
2020-12-16,136.93
2020-12-17,136.23
2020-12-18,139.11
2020-12-21,158.56
2020-12-22,152.25
2020-12-23,154.67
2020-12-24,150.78
2020-12-25,151.78
2020-12-28,153.99
2020-12-29,149.11
2020-12-30,166.89
2020-12-31,173.06
2021-01-04,202.5
2021-01-05,201.34
2021-01-06,203.99
2021-01-07,207.58
2021-01-08,202.73
2021-01-11,194.67
2021-01-12,200.88
2021-01-13,191.89
2021-01-14,183.01
2021-01-15,189.42
2021-01-18,191.28
2021-01-19,181.4
2021-01-20,195.45
2021-01-21,195.39
2021-01-22,204.67
2021-01-25,198.53
2021-01-26,192.17
2021-01-27,194.96
2021-01-28,183.5
2021-01-29,174.73
2021-02-01,172.63
2021-02-02,182.34
2021-02-03,189.66
2021-02-04,193.84
2021-02-05,185.48
2021-02-08,202.45
2021-02-09,205.89
2021-02-10,207.26
2021-02-18,198.56
2021-02-19,193.28
2021-02-22,186.34
2021-02-23,187.19
2021-02-24,170.78
2021-02-25,165.28
2021-02-26,157.02
2021-03-01,169.45
2021-03-02,172.23
2021-03-03,172.24
2021-03-04,158.88
2021-03-05,155.78
2021-03-08,147.45
2021-03-09,144.67
2021-03-10,152.73
2021-03-11,162.05
2021-03-12,167.7
2021-03-15,151.5
2021-03-16,157.45
2021-03-17,163.0
2021-03-18,164.56
2021-03-19,153.84
2021-03-22,149.0
2021-03-23,146.84
2021-03-24,138.44
2021-03-25,139.98
2021-03-26,152.24
2021-03-29,151.11
2021-03-30,155.21
2021-03-31,156.99
2021-04-01,161.33
2021-04-02,162.67
2021-04-06,159.0
2021-04-07,155.78
2021-04-08,155.7
2021-04-09,151.34
2021-04-12,153.01
2021-04-13,158.43
2021-04-14,170.23
2021-04-15,165.23
2021-04-16,163.47
2021-04-19,180.23
2021-04-20,177.45
2021-04-21,175.61
2021-04-22,179.31
2021-04-23,184.39
2021-04-26,171.89
2021-04-27,171.67
2021-04-28,181.91
2021-04-29,189.11
2021-04-30,193.65
2021-05-06,191.34
2021-05-07,182.05
2021-05-10,182.56
2021-05-11,181.67
2021-05-12,178.84
2021-05-13,173.06
2021-05-14,177.45
2021-05-17,185.33
2021-05-18,183.06
2021-05-19,186.36
2021-05-20,187.86
2021-05-21,186.65
2021-05-24,193.54
2021-05-25,197.74
2021-05-26,192.13
2021-05-27,191.34
2021-05-28,205.56
2021-05-31,219.17
2021-06-01,214.3
2021-06-02,213.84
2021-06-03,208.44
2021-06-04,218.12
2021-06-07,204.39
2021-06-08,205.55
2021-06-09,205.43
2021-06-10,219.46
2021-06-11,229.1
2021-06-15,225.23
2021-06-16,211.44
2021-06-17,219.4
2021-06-18,228.0
2021-06-21,229.56
2021-06-22,228.13
2021-06-23,238.25
2021-06-24,237.61
2021-06-25,242.58
2021-06-28,252.39
2021-06-29,260.51
2021-06-30,275.11
2021-07-01,272.17
2021-07-02,266.66
2021-07-05,266.62
2021-07-06,264.38
2021-07-07,279.53
2021-07-08,288.78
2021-07-09,281.4
2021-07-12,292.46
2021-07-13,290.92
2021-07-14,284.45
2021-07-15,293.69
2021-07-16,273.14
2021-07-19,268.97
2021-07-20,271.49
2021-07-21,286.9
2021-07-22,287.63
2021-07-23,282.03
2021-07-26,278.01
2021-07-27,253.14
2021-07-28,269.83
2021-07-29,287.47
2021-07-30,283.91
2021-08-02,284.8
2021-08-03,273.14
2021-08-04,294.25
2021-08-05,287.58
2021-08-06,280.29
2021-08-09,264.8
2021-08-10,261.75
2021-08-11,265.5
2021-08-12,257.03
2021-08-13,257.05
2021-08-16,243.14
2021-08-17,244.8
2021-08-18,253.14
2021-08-19,257.58
2021-08-20,252.64
2021-08-23,268.08
2021-08-24,268.69
2021-08-25,272.71
2021-08-26,267.58
2021-08-27,260.08
2021-08-30,258.83
2021-08-31,253.06
2021-09-01,249.64
2021-09-02,252.3
2021-09-03,248.41
2021-09-06,264.86
2021-09-07,263.7
2021-09-08,257.58
2021-09-09,259.91
2021-09-10,257.08
2021-09-13,257.47
2021-09-14,272.53
2021-09-15,270.0
2021-09-16,254.8
2021-09-17,257.58
2021-09-22,252.2
2021-09-23,252.02
2021-09-24,255.9
2021-09-27,263.41
2021-09-28,256.15
2021-09-29,257.31
2021-09-30,270.21
2021-10-08,274.8
2021-10-11,267.58
2021-10-12,258.69
2021-10-13,268.28
2021-10-14,273.86
2021-10-15,294.25
2021-10-18,308.7
2021-10-19,306.25
2021-10-20,305.64
2021-10-21,309.25
2021-10-22,312.25
2021-10-25,317.45
2021-10-26,310.35
2021-10-27,319.83
2021-10-28,315.47
2021-10-29,333.26
2021-11-01,339.25
2021-11-02,343.69
2021-11-03,333.69
2021-11-04,337.5
2021-11-05,330.41
2021-11-08,345.25
2021-11-09,346.63
2021-11-10,338.14
2021-11-11,342.5
2021-11-12,334.25
2021-11-15,322.58
2021-11-16,319.79
2021-11-17,325.85
2021-11-18,325.91
2021-11-19,333.14
2021-11-22,356.47
2021-11-23,351.47
2021-11-24,344.14
2021-11-25,341.47
2021-11-26,343.69
2021-11-29,355.8
2021-11-30,355.91
2021-12-01,351.47
2021-12-02,360.36
2021-12-03,359.8
2021-12-06,343.29
2021-12-07,327.58
2021-12-08,333.14
2021-12-09,330.25
2021-12-10,333.66
2021-12-13,343.89
2021-12-14,339.81
2021-12-15,338.69
2021-12-16,342.06
2021-12-17,339.91
2021-12-20,317.14
2021-12-21,313.73
2021-12-22,317.16
2021-12-23,323.73
2021-12-24,298.58
2021-12-27,299.58
2021-12-28,303.14
2021-12-29,297.89
2021-12-30,305.91
2021-12-31,304.8
2022-01-04,294.18
2022-01-05,282.3
2022-01-06,278.95
2022-01-07,278.08
2022-01-10,277.25
2022-01-11,276.3
2022-01-12,292.05
2022-01-13,292.03
2022-01-14,298.91
2022-01-17,315.28
2022-01-18,304.14
2022-01-19,294.8
2022-01-20,294.32
2022-01-21,294.52
2022-01-24,300.91
2022-01-25,292.36
2022-01-26,304.53
2022-01-27,297.58
2022-01-28,307.36
2022-02-07,300.05
2022-02-08,278.61
2022-02-09,282.14
2022-02-10,265.97
2022-02-11,250.35
2022-02-14,260.36
2022-02-15,270.91
2022-02-16,273.03
2022-02-17,275.36
2022-02-18,271.19
2022-02-21,261.47
2022-02-22,258.14
2022-02-23,266.47
2022-02-24,260.19
2022-02-25,271.91
2022-02-28,274.45
2022-03-01,276.01
2022-03-02,263.6
2022-03-03,263.13
2022-03-04,251.35
2022-03-07,230.85
2022-03-08,231.16
2022-03-09,241.18
2022-03-10,250.81
2022-03-11,252.33
2022-03-14,235.36
2022-03-15,235.47
2022-03-16,257.64
2022-03-17,269.53
2022-03-18,261.75
2022-03-21,267.03
2022-03-22,263.14
2022-03-23,264.41
2022-03-24,263.69
2022-03-25,257.06
2022-03-28,248.69
2022-03-29,248.64
2022-03-30,266.47
2022-03-31,262.75
2022-04-01,266.41
2022-04-06,260.45
2022-04-07,253.26
2022-04-08,253.14
2022-04-11,233.14
2022-04-12,240.36
2022-04-13,237.03
2022-04-14,233.58
2022-04-15,228.61
2022-04-18,228.69
2022-04-19,222.73
2022-04-20,204.25
2022-04-21,205.42
2022-04-22,208.88
2022-04-25,194.86
2022-04-26,187.58
2022-04-27,204.28
2022-04-28,193.41
2022-04-29,205.55
2022-05-05,187.03
2022-05-06,187.02
2022-05-09,182.86
2022-05-10,188.79
2022-05-11,205.78
2022-05-12,202.31
2022-05-13,208.58
2022-05-16,204.25
2022-05-17,212.89
2022-05-18,210.91
2022-05-19,210.91
2022-05-20,215.3
2022-05-23,209.64
2022-05-24,201.49
2022-05-25,199.79
2022-05-26,194.81
2022-05-27,197.25
2022-05-30,201.36
2022-05-31,204.8
2022-06-01,214.26
2022-06-02,220.8
2022-06-06,237.02
2022-06-07,233.14
2022-06-08,233.69
2022-06-09,217.78
2022-06-10,230.36
2022-06-13,224.26
2022-06-14,223.59
2022-06-15,236.84
2022-06-16,233.86
2022-06-17,248.17
2022-06-20,259.54
2022-06-21,260.28
2022-06-22,259.8
2022-06-23,276.45
2022-06-24,291.19
2022-06-27,283.14
2022-06-28,280.36
2022-06-29,273.99
2022-06-30,274.8
2022-07-01,268.49
2022-07-04,268.14
2022-07-05,269.18
2022-07-06,268.14
2022-07-07,283.69
2022-07-08,278.69
2022-07-11,266.19
2022-07-12,257.96
2022-07-13,277.58
2022-07-14,287.03
2022-07-15,274.25
2022-07-18,284.61
2022-07-19,269.59
2022-07-20,270.36
2022-07-21,267.58
2022-07-22,273.69
2022-07-25,268.0
2022-07-26,268.14
2022-07-27,264.36
2022-07-28,264.58
2022-07-29,260.69
2022-08-01,275.31
2022-08-02,269.18
2022-08-03,258.14
2022-08-04,256.41
2022-08-05,259.05
2022-08-08,256.75
2022-08-09,262.34
2022-08-10,258.13
2022-08-11,261.47
2022-08-12,257.03
2022-08-15,264.86
2022-08-16,269.14
2022-08-17,282.03
2022-08-18,280.8
2022-08-19,273.69
2022-08-22,284.54
2022-08-23,287.52
2022-08-24,269.25
2022-08-25,263.69
2022-08-26,259.68
2022-08-29,257.03
2022-08-30,251.19
2022-08-31,246.47
2022-09-01,237.88
2022-09-02,237.17
2022-09-05,238.34
2022-09-06,231.03
2022-09-07,241.43
2022-09-08,227.86
2022-09-09,229.37
2022-09-13,231.98
2022-09-14,219.41
2022-09-15,208.33
2022-09-16,205.91
2022-09-19,207.95
2022-09-20,212.03
2022-09-21,211.64
2022-09-22,208.69
2022-09-23,209.99
2022-09-26,216.28
2022-09-27,216.75
2022-09-28,210.05
2022-09-29,211.28
2022-09-30,201.22
2022-10-10,196.76
2022-10-11,209.78
2022-10-12,221.74
2022-10-13,218.5
2022-10-14,221.23
2022-10-17,217.03
2022-10-18,217.13
2022-10-19,218.13
2022-10-20,209.06
2022-10-21,207.94
2022-10-24,202.96
2022-10-25,201.67
2022-10-26,201.31
2022-10-27,195.33
2022-10-28,181.56
2022-10-31,185.66
2022-11-01,193.06
2022-11-02,196.0
2022-11-03,191.9
2022-11-04,203.17
2022-11-07,206.56
2022-11-08,206.17
2022-11-09,199.09
2022-11-10,192.56
2022-11-11,202.1
2022-11-14,193.6
2022-11-15,198.6
2022-11-16,191.87
2022-11-17,186.9
2022-11-18,190.05
2022-11-21,190.94
2022-11-22,186.83
2022-11-23,189.34
2022-11-24,187.73
2022-11-25,185.28
2022-11-28,184.23
2022-11-29,188.44
2022-11-30,192.39
2022-12-01,198.08
2022-12-02,196.21
2022-12-05,196.45
2022-12-06,200.73
2022-12-07,210.89
2022-12-08,212.09
2022-12-09,214.39
2022-12-12,208.69
2022-12-13,203.73
2022-12-14,202.0
2022-12-15,213.94
2022-12-16,210.73
2022-12-19,212.06
2022-12-20,206.01
2022-12-21,204.51
2022-12-22,201.83
2022-12-23,199.88
2022-12-26,202.9
2022-12-27,202.71
2022-12-28,197.39
2022-12-29,197.37
2022-12-30,197.07
2023-01-03,194.97
2023-01-04,191.84
2023-01-05,204.89
2023-01-06,209.98
2023-01-09,209.94
2023-01-10,218.5
2023-01-11,216.2
2023-01-12,219.33
2023-01-13,222.67
2023-01-16,226.63
2023-01-17,226.06
2023-01-18,227.67
2023-01-19,226.71
2023-01-20,229.61
2023-01-30,239.97
2023-01-31,236.94
2023-02-01,243.39
2023-02-02,237.44
2023-02-03,231.94
2023-02-06,228.83
2023-02-07,227.44
2023-02-08,226.95
2023-02-09,230.16
2023-02-10,226.25
2023-02-13,234.06
2023-02-14,229.08
2023-02-15,227.72
2023-02-16,224.72
2023-02-17,211.94
2023-02-20,212.09
2023-02-21,209.06
2023-02-22,205.98
2023-02-23,208.07
2023-02-24,203.72
2023-02-27,201.33
2023-02-28,202.89
2023-03-01,207.27
2023-03-02,201.17
2023-03-03,202.01
2023-03-06,205.4
2023-03-07,201.94
2023-03-08,199.46
2023-03-09,199.06
2023-03-10,203.94
2023-03-13,196.28
2023-03-14,193.63
2023-03-15,194.06
2023-03-16,192.45
2023-03-17,187.38
2023-03-20,189.58
2023-03-21,197.27
2023-03-22,200.28
2023-03-23,199.82
2023-03-24,197.16
2023-03-27,198.78
2023-03-28,196.61
2023-03-29,200.82
2023-03-30,200.78
2023-03-31,204.08
2023-04-03,200.01
2023-04-04,194.06
2023-04-06,194.07
2023-04-07,195.45
2023-04-10,201.84
2023-04-11,200.69
2023-04-12,196.28
2023-04-13,194.2
2023-04-14,199.22
2023-04-17,205.1
2023-04-18,205.72
2023-04-19,206.48
2023-04-20,198.5
2023-04-21,203.49
2023-04-24,198.99
2023-04-25,192.89
2023-04-26,204.4
2023-04-27,210.9
2023-04-28,210.75
2023-05-04,205.42
2023-05-05,206.9
2023-05-08,210.71
2023-05-09,205.73
2023-05-10,212.42
2023-05-11,220.3
2023-05-12,217.88
2023-05-15,218.19
2023-05-16,218.9
2023-05-17,219.9
2023-05-18,212.3
2023-05-19,209.9
2023-05-22,210.2
2023-05-23,205.32
2023-05-24,205.15
2023-05-25,203.99
2023-05-26,199.9
2023-05-29,196.96
2023-05-30,204.89
2023-05-31,201.07
2023-06-01,202.8
2023-06-02,208.34
2023-06-05,199.7
2023-06-06,199.18
2023-06-07,187.2
2023-06-08,187.91
2023-06-09,191.94
2023-06-12,191.85
2023-06-13,193.0
2023-06-14,193.3
2023-06-15,210.78
2023-06-16,211.0
2023-06-19,207.78
2023-06-20,207.9
2023-06-21,204.81
2023-06-26,205.07
2023-06-27,203.37
2023-06-28,204.4
2023-06-29,202.4
2023-06-30,208.69
2023-07-03,209.78
2023-07-04,209.15
2023-07-05,207.41
2023-07-06,204.75
2023-07-07,202.15
2023-07-10,208.7
2023-07-11,208.99
2023-07-12,206.89
2023-07-13,209.9
2023-07-14,208.18
2023-07-17,205.55
2023-07-18,205.4
2023-07-19,199.4
2023-07-20,200.95
2023-07-21,201.49
2023-07-24,198.88
2023-07-25,206.25
2023-07-26,206.56
2023-07-27,206.88
2023-07-28,209.95
2023-07-31,217.65
2023-08-01,215.4
2023-08-02,216.4
2023-08-03,219.04
2023-08-04,225.41
2023-08-07,226.39
2023-08-08,227.04
2023-08-09,226.9
2023-08-10,226.4
2023-08-11,221.4
2023-08-14,212.8
2023-08-15,211.2
2023-08-16,212.5
2023-08-17,215.15
2023-08-18,215.77
2023-08-21,212.86
2023-08-22,210.65
2023-08-23,207.4
2023-08-24,208.85
2023-08-25,208.24
2023-08-28,210.4
2023-08-29,218.4
2023-08-30,217.4
2023-08-31,216.45
2023-09-01,216.3
2023-09-04,217.55
2023-09-05,216.72
2023-09-06,214.32
2023-09-07,206.41
2023-09-08,202.84
2023-09-11,201.43
2023-09-12,197.83
2023-09-13,196.5
2023-09-14,194.83
2023-09-15,187.66
2023-09-18,192.96
2023-09-19,192.22
2023-09-20,189.8
2023-09-21,186.63
2023-09-22,190.83
2023-09-25,189.18
2023-09-26,184.4
2023-09-27,183.56
2023-09-28,182.93
2023-10-09,175.4
2023-10-10,174.62
2023-10-11,174.67
2023-10-12,175.84
2023-10-13,170.5
2023-10-16,164.66
2023-10-17,165.34
2023-10-18,166.2
2023-10-19,162.6
2023-10-20,160.9
2023-10-23,157.16
2023-10-24,156.32
2023-10-25,155.88
2023-10-26,157.97
2023-10-27,164.62
2023-10-30,167.92
2023-10-31,165.5
2023-11-01,167.44
2023-11-02,165.47
2023-11-03,167.34
2023-11-06,176.98
2023-11-07,171.14
2023-11-08,171.74
2023-11-09,171.35
2023-11-10,168.93
2023-11-13,167.75
2023-11-14,163.58
2023-11-15,164.38
2023-11-16,161.05
2023-11-17,160.63
2023-11-20,160.2
2023-11-21,160.51
2023-11-22,156.9
2023-11-23,157.6
2023-11-24,154.9
2023-11-27,150.6
2023-11-28,151.82
2023-11-29,146.75
2023-11-30,146.9
2023-12-01,145.4
2023-12-04,141.55
2023-12-05,138.71
2023-12-06,142.78
2023-12-07,144.39
2023-12-08,143.49
2023-12-11,145.25
2023-12-12,143.53
2023-12-13,139.25
2023-12-14,136.53
2023-12-15,134.9
2023-12-18,126.87
2023-12-19,128.9
2023-12-20,128.35
2023-12-21,134.29
2023-12-22,136.19
2023-12-25,137.44
2023-12-26,136.03
2023-12-27,134.23
2023-12-28,142.89
2023-12-29,143.16
2024-01-02,136.73
2024-01-03,135.7
2024-01-04,131.1
2024-01-05,130.8
2024-01-08,129.9
2024-01-09,128.6
2024-01-10,130.56
2024-01-11,134.72
2024-01-12,134.53
2024-01-15,131.6
2024-01-16,136.85
2024-01-17,132.14
2024-01-18,134.51
2024-01-19,134.8
2024-01-22,135.56
2024-01-23,133.81
2024-01-24,133.38
2024-01-25,134.9
2024-01-26,129.9
2024-01-29,126.92
2024-01-30,120.65
2024-01-31,131.49
2024-02-01,128.92
2024-02-02,125.9
2024-02-05,131.84
2024-02-06,138.23
2024-02-07,139.5
2024-02-08,142.74
2024-02-19,139.99
2024-02-20,138.23
2024-02-21,141.1
2024-02-22,140.25
2024-02-23,140.4
2024-02-26,135.9
2024-02-27,137.73
2024-02-28,136.91
2024-02-29,143.41
2024-03-01,144.45
2024-03-04,143.8
2024-03-05,144.55
2024-03-06,143.54
2024-03-07,140.05
2024-03-08,137.9
2024-03-11,160.75
2024-03-12,165.74
2024-03-13,165.08
2024-03-14,163.71
2024-03-15,160.9
2024-03-18,170.86
2024-03-19,167.15
2024-03-20,169.38
2024-03-21,168.98
2024-03-22,166.41
2024-03-25,164.7
2024-03-26,171.7
2024-03-27,167.9
2024-03-28,168.68
2024-03-29,170.06
2024-04-01,177.74
2024-04-02,179.6
2024-04-03,177.55
2024-04-08,174.5
2024-04-09,175.9
2024-04-10,172.64
2024-04-11,172.5
2024-04-12,168.29
2024-04-15,177.04
2024-04-16,177.05
2024-04-17,175.89
2024-04-18,175.46
2024-04-19,170.7
2024-04-22,170.5
2024-04-23,169.83
2024-04-24,169.5
2024-04-25,173.1
2024-04-26,178.38
2024-04-29,189.53
2024-04-30,187.53
2024-05-06,191.91
2024-05-07,191.81
2024-05-08,188.16
2024-05-09,194.33
2024-05-10,188.43
2024-05-13,184.28
2024-05-14,183.94
2024-05-15,182.82
2024-05-16,184.6
2024-05-17,187.93
2024-05-20,188.38
2024-05-21,186.49
2024-05-22,189.82
2024-05-23,189.27
2024-05-24,185.91
2024-05-27,184.94
2024-05-28,182.73
2024-05-29,183.72
2024-05-30,184.28
2024-05-31,182.69
2024-06-03,187.43
2024-06-04,190.9
2024-06-05,189.05
2024-06-06,189.72
2024-06-07,178.13
2024-06-11,173.7
2024-06-12,170.53
2024-06-13,170.11
2024-06-14,169.82
2024-06-17,173.13
2024-06-18,175.26
2024-06-19,173.94
2024-06-20,172.92
2024-06-21,170.09
2024-06-24,171.91
2024-06-25,171.25
2024-06-26,170.44
2024-06-27,169.93
2024-06-28,164.96
2024-07-01,161.0
2024-07-02,161.01
2024-07-03,164.43
2024-07-04,164.53
2024-07-05,162.55
2024-07-08,160.84
2024-07-09,160.7
2024-07-10,157.98
2024-07-11,161.94
2024-07-12,164.73
2024-07-15,163.05
2024-07-16,164.23
2024-07-17,165.82
2024-07-18,173.28
2024-07-19,174.37
2024-07-22,174.45
2024-07-23,171.13
2024-07-24,171.25
2024-07-25,172.66
2024-07-26,174.28
2024-07-29,169.46
2024-07-30,169.82
2024-07-31,171.24
2024-08-01,165.23
2024-08-02,162.02
2024-08-05,161.93
2024-08-06,159.88
2024-08-07,158.6
2024-08-08,157.33
2024-08-09,154.93
2024-08-12,153.93
2024-08-13,158.71
2024-08-14,157.14
2024-08-15,158.33
2024-08-16,158.55
2024-08-19,160.53
2024-08-20,159.8
2024-08-21,158.94
2024-08-22,163.73
2024-08-23,166.73
2024-08-26,168.85
2024-08-27,168.43
2024-08-28,167.75
2024-08-29,165.73
2024-08-30,169.27
2024-09-02,166.12
2024-09-03,170.58
2024-09-04,172.08
2024-09-05,171.73
2024-09-06,170.88
2024-09-09,170.08
2024-09-10,166.09
2024-09-11,171.49
2024-09-12,174.28
2024-09-13,168.43
2024-09-18,171.33
2024-09-19,171.83
2024-09-20,170.53
2024-09-23,173.13
2024-09-24,182.45
2024-09-25,188.03
2024-09-26,190.44
2024-09-27,211.74
2024-09-30,236.82
2024-10-08,283.93
2024-10-09,239.93
2024-10-10,242.93
2024-10-11,226.72
2024-10-14,234.65
2024-10-15,226.15
2024-10-16,218.78
2024-10-17,216.43
2024-10-18,234.82
2024-10-21,238.29
2024-10-22,235.48
2024-10-23,234.23
2024-10-24,231.09
2024-10-25,243.81
2024-10-28,241.17
2024-10-29,236.71
2024-10-30,232.96
2024-10-31,230.91
2024-11-01,231.13
2024-11-04,236.13
2024-11-05,246.32
2024-11-06,241.43
2024-11-07,247.73
2024-11-08,242.43
2024-11-11,252.43
2024-11-12,257.95
2024-11-13,266.93
2024-11-14,259.93
2024-11-15,250.49
2024-11-18,247.85
2024-11-19,253.65
2024-11-20,252.48
2024-11-21,253.19
2024-11-22,244.03
2024-11-25,249.03
2024-11-26,241.65
2024-11-27,244.83
2024-11-28,239.63
2024-11-29,246.17
2024-12-02,247.12
2024-12-03,246.77
2024-12-04,243.9
2024-12-05,240.93
2024-12-06,251.48
2024-12-09,252.98
2024-12-10,255.5
2024-12-11,252.03
2024-12-12,258.64
2024-12-13,251.96
2024-12-16,252.13
2024-12-17,258.73
2024-12-18,256.34
2024-12-19,254.72
2024-12-20,247.64
2024-12-23,248.43
2024-12-24,253.16
2024-12-25,252.9
2024-12-26,246.18
2024-12-27,246.93
2024-12-30,251.51
2024-12-31,250.93
2025-01-02,243.71
2025-01-03,242.56
2025-01-06,241.68
2025-01-07,234.38
2025-01-08,230.27
2025-01-09,232.26
2025-01-10,230.93
2025-01-13,231.84
2025-01-14,241.13
2025-01-15,235.8
2025-01-16,234.86
2025-01-17,236.43
2025-01-20,250.45
2025-01-21,249.11
2025-01-22,242.93
2025-01-23,242.43
2025-01-24,246.77
2025-01-27,243.15
2025-02-05,238.27
2025-02-06,239.25
2025-02-07,247.43
2025-02-10,244.6
2025-02-11,237.95
2025-02-12,241.45
2025-02-13,247.54
2025-02-14,255.86
2025-02-17,255.55
2025-02-18,256.92
2025-02-19,259.7
2025-02-20,256.35
2025-02-21,261.7
2025-02-24,257.65
2025-02-25,255.63
2025-02-26,254.77
2025-02-27,256.15
2025-02-28,250.45
2025-03-03,259.68
2025-03-04,249.15
2025-03-05,247.14
2025-03-06,250.46
2025-03-07,246.91
2025-03-10,242.65
2025-03-11,241.35
2025-03-12,240.65
2025-03-13,239.37
2025-03-14,248.15
2025-03-17,242.15
2025-03-18,243.15
2025-03-19,251.54
2025-03-20,248.3
2025-03-21,242.15
2025-03-24,244.31
2025-03-25,245.63
2025-03-26,243.07
2025-03-27,245.03
2025-03-28,242.95
2025-03-31,239.09
2025-04-01,235.21
2025-04-02,235.29
2025-04-03,229.23
2025-04-07,201.37
2025-04-08,205.2
2025-04-09,197.54
2025-04-10,204.13
2025-04-11,210.15
2025-04-14,210.15
2025-04-15,214.3
2025-04-16,211.04
2025-04-17,212.15
2025-04-18,211.61
2025-04-21,217.51
2025-04-22,221.38
2025-04-23,224.04
2025-04-24,227.56
2025-04-25,227.29
2025-04-28,225.54
2025-04-29,222.72
2025-04-30,222.19
2025-05-06,222.32
2025-05-07,229.3
2025-05-08,235.26
2025-05-09,238.96
2025-05-12,247.69
2025-05-13,249.46
2025-05-14,253.29
2025-05-15,250.87
2025-05-16,250.05
2025-05-19,250.69
2025-05-20,253.69
2025-05-21,264.77
2025-05-22,261.06
2025-05-23,257.68
2025-05-26,246.59
2025-05-27,244.68
2025-05-28,244.29
2025-05-29,242.54
2025-05-30,240.69
2025-06-03,241.84
2025-06-04,241.74
2025-06-05,242.19
2025-06-06,239.57
2025-06-09,236.27
2025-06-10,233.83
2025-06-11,241.19
2025-06-12,240.5
2025-06-13,238.89
2025-06-16,237.35
2025-06-17,236.95
2025-06-18,236.26
2025-06-19,232.79
2025-06-20,230.95
2025-06-23,230.3
2025-06-24,236.61
2025-06-25,245.59
2025-06-26,243.48
2025-06-27,241.68
2025-06-30,242.91
2025-07-01,242.19
2025-07-02,241.14
2025-07-03,253.28
2025-07-04,256.49
2025-07-07,251.58
2025-07-08,254.0
2025-07-09,261.49
2025-07-10,262.69
2025-07-11,262.19
2025-07-14,259.19
2025-07-15,258.44
2025-07-16,255.09
2025-07-17,256.19
2025-07-18,261.89
2025-07-21,270.35
2025-07-22,277.35
2025-07-23,277.71
2025-07-24,275.89
2025-07-25,273.49
2025-07-28,276.99
2025-07-29,282.51
2025-07-30,267.78
2025-07-31,255.31
2025-08-01,253.76
2025-08-04,257.17
2025-08-05,256.39
2025-08-06,255.69
2025-08-07,253.74
2025-08-08,254.17
2025-08-11,254.35
2025-08-12,253.94
2025-08-13,264.29
2025-08-14,270.58
2025-08-15,271.36
2025-08-18,273.69
2025-08-19,268.49
2025-08-20,270.89
2025-08-21,270.69
2025-08-22,278.87
2025-08-25,281.97
2025-08-26,281.19
2025-08-27,269.99
2025-08-28,269.1
2025-08-29,297.87
2025-09-01,295.69
2025-09-02,294.56
2025-09-03,300.69
2025-09-04,295.72
2025-09-05,316.8
2025-09-08,317.06
2025-09-09,311.69
2025-09-10,307.73
2025-09-11,314.24
2025-09-12,316.69
2025-09-15,346.39
2025-09-16,345.11
2025-09-17,368.79
2025-09-18,358.58
2025-09-19,360.18
2025-09-22,361.74
2025-09-23,359.84
2025-09-24,371.62
2025-09-25,384.54
2025-09-26,372.09
2025-09-29,389.06
2025-09-30,393.69
2025-10-09,401.58
2025-10-10,373.64
2025-10-13,366.19
2025-10-14,349.69
2025-10-15,360.99
2025-10-16,360.19
2025-10-17,349.83
2025-10-20,358.19
2025-10-21,367.59
2025-10-22,364.55
2025-10-23,368.14
2025-10-24,377.46
2025-10-27,377.87
2025-10-28,378.17
2025-10-29,391.69
2025-10-30,389.98
2025-10-31,380.46
2025-11-03,378.55
2025-11-04,370.64
2025-11-05,380.39
2025-11-06,386.37
2025-11-07,387.06
2025-11-10,376.2
2025-11-11,377.29
2025-11-12,378.07
2025-11-13,407.29
2025-11-14,395.81
2025-11-17,382.47
2025-11-18,376.69
2025-11-19,382.79
2025-11-20,371.08
2025-11-21,361.69
2025-11-24,362.24
2025-11-25,364.05
2025-11-26,364.51
2025-11-27,362.89
2025-11-28,364.89
2025-12-01,374.66
2025-12-02,371.77
2025-12-03,367.77
2025-12-04,375.04
2025-12-05,380.78
2025-12-08,384.19
2025-12-09,379.28
2025-12-10,374.07
2025-12-11,380.68
2025-12-12,383.49
2025-12-15,377.19
2025-12-16,370.1
2025-12-17,375.11
2025-12-18,363.69
2025-12-19,365.69
2025-12-22,363.53
2025-12-23,369.79
2025-12-24,367.29
2025-12-25,364.7
2025-12-26,366.12
2025-12-29,361.0
2025-12-30,360.89
2025-12-31,358.95
